[{"in":{"1":[[{"count":1,"product":"Redstone Torch"}]],"5":[[{"count":1,"product":"Transistor"}]],"6":[[{"count":1,"product":"Gold Nugget"}]],"9":[[{"count":1,"product":"Printed Circuit Board"}]],"10":[[{"count":1,"product":"Gold Nugget"}]]},"out":[[{"count":1,"product":"Analyzer"}]]},{"in":{"1":[[{"count":1,"product":"Iron Nugget"}]],"2":[[{"count":1,"product":"Hover Upgrade (Tier 2)"}]],"3":[[{"count":1,"product":"Iron Nugget"}]],"5":[[{"count":1,"product":"Leather"}]],"6":[[{"count":1,"product":"Drone Case (Tier 1)"}]],"7":[[{"count":1,"product":"Leather"}]],"9":[[{"count":1,"product":"Iron Nugget"}]],"10":[[{"count":1,"product":"Capacitor"}]],"11":[[{"count":1,"product":"Iron Nugget"}]]},"out":[[{"count":1,"product":"Hover Boots"}]]},{"in":{"1":[[{"count":1,"product":"Book"}]],"2":[[{"count":1,"product":"Microchip (Tier 1)"}]]},"out":[[{"count":1,"product":"OpenComputers Manual"}]]},{"in":{"1":[[{"count":1,"product":"Chamelium"}]],"2":[[{"count":1,"product":"Wireless Network Card"}]],"3":[[{"count":1,"product":"Chamelium"}]],"5":[[{"count":1,"product":"Central Processing Unit (CPU) (Tier 2)"}]],"6":[[{"count":1,"product":"Grog"}]],"7":[[{"count":1,"product":"Memory (Tier 1)"}]],"9":[[{"count":1,"product":"Chamelium"}]],"10":[[{"count":1,"product":"Capacitor"}]],"11":[[{"count":1,"product":"Chamelium"}]]},"out":[[{"count":1,"product":"Nanomachines"}]]},{"in":{"1":[[{"count":1,"product":"Ink Sac"}]],"2":[[{"count":1,"product":"Rose Red"}]],"3":[[{"count":1,"product":"Cactus Green"}]],"5":[[{"count":1,"product":"Lapis Lazuli"}]],"6":[[{"count":1,"product":"Analyzer"}]],"7":[[{"count":1,"product":"Purple Dye"}]],"9":[[{"count":1,"product":"Dandelion Yellow"}]],"10":[[{"count":1,"product":"Magenta Dye"}]],"11":[[{"count":1,"product":"Bone Meal"}]]},"out":[[{"count":1,"product":"Texture Picker"}]]},{"in":{"1":[[{"count":1,"product":"Iron Ingot"}]],"3":[[{"count":1,"product":"Iron Ingot"}]],"6":[[{"count":1,"product":"Microchip (Tier 2)"}]],"10":[[{"count":1,"product":"Iron Ingot"}]]},"out":[[{"count":1,"product":"Scrench"}]]},{"in":{"1":[[{"count":1,"product":"EEPROM"}]],"2":[[{"count":1,"product":"OpenComputers Manual"}]]},"out":[[{"count":1,"product":"EEPROM (Lua BIOS)"}]]},{"in":{"1":[[{"count":1,"product":"End Stone"}]],"2":[[{"count":1,"product":"Compass"}]],"3":[[{"count":1,"product":"End Stone"}]],"5":[[{"count":1,"product":"Microchip (Tier 1)"}]],"6":[[{"count":1,"product":"Microcontroller Case (Tier 1)"}]],"7":[[{"count":1,"product":"Microchip (Tier 1)"}]],"9":[[{"count":1,"product":"End Stone"}]],"10":[[{"count":1,"product":"Component Bus (Tier 2)"}]],"11":[[{"count":1,"product":"End Stone"}]]},"out":[[{"count":1,"product":"Drone Case (Tier 1)"}]]},{"in":{"1":[[{"count":1,"product":"End Stone"}]],"2":[[{"count":1,"product":"Compass"}]],"3":[[{"count":1,"product":"End Stone"}]],"5":[[{"count":1,"product":"Microchip (Tier 2)"}]],"6":[[{"count":1,"product":"Microcontroller Case (Tier 2)"}]],"7":[[{"count":1,"product":"Microchip (Tier 2)"}]],"9":[[{"count":1,"product":"End Stone"}]],"10":[[{"count":1,"product":"Component Bus (Tier 3)"}]],"11":[[{"count":1,"product":"End Stone"}]]},"out":[[{"count":1,"product":"Drone Case (Tier 2)"}]]},{"in":{"1":[[{"count":1,"product":"Iron Nugget"}]],"2":[[{"count":1,"product":"Microchip (Tier 1)"}]],"3":[[{"count":1,"product":"Iron Nugget"}]],"5":[[{"count":1,"product":"Redstone"}]],"6":[[{"count":1,"product":"Chest"}]],"7":[[{"count":1,"product":"Redstone"}]],"9":[[{"count":1,"product":"Iron Nugget"}]],"10":[[{"count":1,"product":"Printed Circuit Board"}]],"11":[[{"count":1,"product":"Iron Nugget"}]]},"out":[[{"count":1,"product":"Microcontroller Case (Tier 1)"}]]},{"in":{"1":[[{"count":1,"product":"Gold Nugget"}]],"2":[[{"count":1,"product":"Microchip (Tier 3)"}]],"3":[[{"count":1,"product":"Gold Nugget"}]],"5":[[{"count":1,"product":"Block of Redstone"}]],"6":[[{"count":1,"product":"Chest"}]],"7":[[{"count":1,"product":"Block of Redstone"}]],"9":[[{"count":1,"product":"Gold Nugget"}]],"10":[[{"count":1,"product":"Printed Circuit Board"}]],"11":[[{"count":1,"product":"Gold Nugget"}]]},"out":[[{"count":1,"product":"Microcontroller Case (Tier 2)"}]]},{"in":{"1":[[{"count":1,"product":"Iron Nugget"}]],"2":[[{"count":1,"product":"Solar Generator Upgrade"}]],"3":[[{"count":1,"product":"Iron Nugget"}]],"5":[[{"count":1,"product":"Microchip (Tier 3)"}]],"6":[[{"count":1,"product":"Screen (Tier 2)"}]],"7":[[{"count":1,"product":"Wireless Network Card"}]],"9":[[{"count":1,"product":"Iron Nugget"}]],"10":[[{"count":1,"product":"Keyboard"}]],"11":[[{"count":1,"product":"Iron Nugget"}]]},"out":[[{"count":1,"product":"Remote Terminal"}]]},{"in":{"1":[[{"count":1,"product":"Gold Ingot"}]],"2":[[{"count":1,"product":"Button"}]],"3":[[{"count":1,"product":"Gold Ingot"}]],"5":[[{"count":1,"product":"Component Bus (Tier 1)"}]],"6":[[{"count":1,"product":"Screen (Tier 2)"}]],"7":[[{"count":1,"product":"Microchip (Tier 3)"}]],"9":[[{"count":1,"product":"Gold Ingot"}]],"10":[[{"count":1,"product":"Printed Circuit Board"}]],"11":[[{"count":1,"product":"Gold Ingot"}]]},"out":[[{"count":1,"product":"Tablet Case (Tier 1)"}]]},{"in":{"1":[[{"count":1,"product":"Microchip (Tier 2)"}]],"2":[[{"count":1,"product":"Button"}]],"3":[[{"count":1,"product":"Gold Ingot"}]],"5":[[{"count":1,"product":"Component Bus (Tier 3)"}]],"6":[[{"count":1,"product":"Screen (Tier 2)"}]],"7":[[{"count":1,"product":"Microchip (Tier 3)"}]],"9":[[{"count":1,"product":"Microchip (Tier 2)"}]],"10":[[{"count":1,"product":"Printed Circuit Board"}]],"11":[[{"count":1,"product":"Gold Ingot"}]]},"out":[[{"count":1,"product":"Tablet Case (Tier 2)"}]]},{"in":{"1":[[{"count":1,"product":"Obsidian"}]],"2":[[{"count":1,"product":"Microchip (Tier 1)"}]],"3":[[{"count":1,"product":"Obsidian"}]],"5":[[{"count":1,"product":"Iron Fence"}]],"6":[[{"count":1,"product":"Disk Drive"}]],"7":[[{"count":1,"product":"Iron Fence"}]],"9":[[{"count":1,"product":"Obsidian"}]],"10":[[{"count":1,"product":"Printed Circuit Board"}]],"11":[[{"count":1,"product":"Obsidian"}]]},"out":[[{"count":1,"product":"Disk Drive"}]]},{"in":{"1":[[{"count":1,"product":"Iron Ingot"}]],"2":[[{"count":1,"product":"Memory (Tier 1.5)"}]],"3":[[{"count":1,"product":"Iron Ingot"}]],"5":[[{"count":1,"product":"Microchip (Tier 1)"}]],"6":[[{"count":1,"product":"Component Bus (Tier 1)"}]],"7":[[{"count":1,"product":"Microchip (Tier 1)"}]],"9":[[{"count":1,"product":"Obsidian"}]],"10":[[{"count":1,"product":"Printed Circuit Board"}]],"11":[[{"count":1,"product":"Obsidian"}]]},"out":[[{"count":1,"product":"Server (Tier 1)"}]]},{"in":{"1":[[{"count":1,"product":"Gold Ingot"}]],"2":[[{"count":1,"product":"Memory (Tier 2.5)"}]],"3":[[{"count":1,"product":"Gold Ingot"}]],"5":[[{"count":1,"product":"Microchip (Tier 2)"}]],"6":[[{"count":1,"product":"Component Bus (Tier 2)"}]],"7":[[{"count":1,"product":"Microchip (Tier 2)"}]],"9":[[{"count":1,"product":"Obsidian"}]],"10":[[{"count":1,"product":"Printed Circuit Board"}]],"11":[[{"count":1,"product":"Obsidian"}]]},"out":[[{"count":1,"product":"Server (Tier 2)"}]]},{"in":{"1":[[{"count":1,"product":"Diamond"}]],"2":[[{"count":1,"product":"Memory (Tier 3.5)"}]],"3":[[{"count":1,"product":"Diamond"}]],"5":[[{"count":1,"product":"Microchip (Tier 3)"}]],"6":[[{"count":1,"product":"Component Bus (Tier 3)"}]],"7":[[{"count":1,"product":"Microchip (Tier 3)"}]],"9":[[{"count":1,"product":"Obsidian"}]],"10":[[{"count":1,"product":"Printed Circuit Board"}]],"11":[[{"count":1,"product":"Obsidian"}]]},"out":[[{"count":1,"product":"Server (Tier 3)"}]]},{"in":{"1":[[{"count":1,"product":"Obsidian"}]],"2":[[{"count":1,"product":"Wireless Network Card"}]],"3":[[{"count":1,"product":"Obsidian"}]],"5":[[{"count":1,"product":"Wireless Network Card"}]],"6":[[{"count":1,"product":"Microchip (Tier 2)"}]],"7":[[{"count":1,"product":"Wireless Network Card"}]],"9":[[{"count":1,"product":"Obsidian"}]],"10":[[{"count":1,"product":"Printed Circuit Board"}]],"11":[[{"count":1,"product":"Obsidian"}]]},"out":[[{"count":1,"product":"Terminal Server"}]]},{"in":{"1":[[{"count":1,"product":"Microchip (Tier 1)"}]],"2":[[{"count":1,"product":"Iron Nugget"}]],"3":[[{"count":1,"product":"Microchip (Tier 1)"}]],"6":[[{"count":1,"product":"Printed Circuit Board"}]]},"out":[[{"count":1,"product":"Memory (Tier 1)"}]]},{"in":{"1":[[{"count":1,"product":"Microchip (Tier 1)"}]],"2":[[{"count":1,"product":"Microchip (Tier 2)"}]],"3":[[{"count":1,"product":"Microchip (Tier 1)"}]],"6":[[{"count":1,"product":"Printed Circuit Board"}]]},"out":[[{"count":1,"product":"Memory (Tier 1.5)"}]]},{"in":{"1":[[{"count":1,"product":"Microchip (Tier 2)"}]],"2":[[{"count":1,"product":"Iron Nugget"}]],"3":[[{"count":1,"product":"Microchip (Tier 2)"}]],"6":[[{"count":1,"product":"Printed Circuit Board"}]]},"out":[[{"count":1,"product":"Memory (Tier 2)"}]]},{"in":{"1":[[{"count":1,"product":"Microchip (Tier 2)"}]],"2":[[{"count":1,"product":"Microchip (Tier 3)"}]],"3":[[{"count":1,"product":"Microchip (Tier 2)"}]],"6":[[{"count":1,"product":"Printed Circuit Board"}]]},"out":[[{"count":1,"product":"Memory (Tier 2.5)"}]]},{"in":{"1":[[{"count":1,"product":"Microchip (Tier 3)"}]],"2":[[{"count":1,"product":"Iron Nugget"}]],"3":[[{"count":1,"product":"Microchip (Tier 3)"}]],"6":[[{"count":1,"product":"Printed Circuit Board"}]]},"out":[[{"count":1,"product":"Memory (Tier 3)"}]]},{"in":{"1":[[{"count":1,"product":"Microchip (Tier 3)"}]],"2":[[{"count":1,"product":"Microchip (Tier 3)"}]],"3":[[{"count":1,"product":"Microchip (Tier 3)"}]],"5":[[{"count":1,"product":"Microchip (Tier 2)"}]],"6":[[{"count":1,"product":"Printed Circuit Board"}]],"7":[[{"count":1,"product":"Microchip (Tier 2)"}]]},"out":[[{"count":1,"product":"Memory (Tier 3.5)"}]]},{"in":{"1":[[{"count":1,"product":"Gold Nugget"}]],"2":[[{"count":1,"product":"Transistor"}]],"3":[[{"count":1,"product":"Gold Nugget"}]],"5":[[{"count":1,"product":"Paper"}]],"6":[[{"count":1,"product":"Microchip (Tier 1)"}]],"7":[[{"count":1,"product":"Paper"}]],"9":[[{"count":1,"product":"Gold Nugget"}]],"10":[[{"count":1,"product":"Redstone Torch"}]],"11":[[{"count":1,"product":"Gold Nugget"}]]},"out":[[{"count":1,"product":"EEPROM"}]]},{"in":{"1":[[{"count":1,"product":"Iron Nugget"}]],"2":[[{"count":1,"product":"Lever"}]],"3":[[{"count":1,"product":"Iron Nugget"}]],"5":[[{"count":1,"product":"Paper"}]],"6":[[{"count":1,"product":"Disk Platter"}]],"7":[[{"count":1,"product":"Paper"}]],"9":[[{"count":1,"product":"Iron Nugget"}]],"10":[[{"count":1,"product":"Paper"}]],"11":[[{"count":1,"product":"Iron Nugget"}]]},"out":[[{"count":1,"product":"Floppy Disk"}]]},{"in":{"1":[[{"count":1,"product":"Microchip (Tier 1)"}]],"2":[[{"count":1,"product":"Disk Platter"}]],"3":[[{"count":1,"product":"Iron Ingot"}]],"5":[[{"count":1,"product":"Printed Circuit Board"}]],"6":[[{"count":1,"product":"Disk Platter"}]],"7":[[{"count":1,"product":"Piston"}]],"9":[[{"count":1,"product":"Microchip (Tier 1)"}]],"10":[[{"count":1,"product":"Disk Platter"}]],"11":[[{"count":1,"product":"Iron Ingot"}]]},"out":[[{"count":1,"product":"Hard Disk Drive (Tier 1)"}]]},{"in":{"1":[[{"count":1,"product":"Microchip (Tier 2)"}]],"2":[[{"count":1,"product":"Disk Platter"}]],"3":[[{"count":1,"product":"Gold Ingot"}]],"5":[[{"count":1,"product":"Printed Circuit Board"}]],"6":[[{"count":1,"product":"Disk Platter"}]],"7":[[{"count":1,"product":"Piston"}]],"9":[[{"count":1,"product":"Microchip (Tier 2)"}]],"10":[[{"count":1,"product":"Disk Platter"}]],"11":[[{"count":1,"product":"Gold Ingot"}]]},"out":[[{"count":1,"product":"Hard Disk Drive (Tier 2)"}]]},{"in":{"1":[[{"count":1,"product":"Microchip (Tier 3)"}]],"2":[[{"count":1,"product":"Disk Platter"}]],"3":[[{"count":1,"product":"Diamond"}]],"5":[[{"count":1,"product":"Printed Circuit Board"}]],"6":[[{"count":1,"product":"Disk Platter"}]],"7":[[{"count":1,"product":"Piston"}]],"9":[[{"count":1,"product":"Microchip (Tier 3)"}]],"10":[[{"count":1,"product":"Disk Platter"}]],"11":[[{"count":1,"product":"Diamond"}]]},"out":[[{"count":1,"product":"Hard Disk Drive (Tier 3)"}]]},{"in":{"1":[[{"count":1,"product":"Iron Nugget"}]],"2":[[{"count":1,"product":"Arithmetic Logic Unit (ALU)"}]],"3":[[{"count":1,"product":"Microchip (Tier 2)"}]],"6":[[{"count":1,"product":"Card Base"}]]},"out":[[{"count":1,"product":"Data Card (Tier 1)"}]]},{"in":{"1":[[{"count":1,"product":"Gold Nugget"}]],"2":[[{"count":1,"product":"Central Processing Unit (CPU) (Tier 1)"}]],"3":[[{"count":1,"product":"Microchip (Tier 3)"}]],"6":[[{"count":1,"product":"Card Base"}]]},"out":[[{"count":1,"product":"Data Card (Tier 2)"}]]},{"in":{"1":[[{"count":1,"product":"Diamond Chip"}]],"2":[[{"count":1,"product":"Central Processing Unit (CPU) (Tier 2)"}]],"3":[[{"count":1,"product":"Memory (Tier 3)"}]],"6":[[{"count":1,"product":"Card Base"}]]},"out":[[{"count":1,"product":"Data Card (Tier 3)"}]]},{"in":{"1":[[{"count":1,"product":"Microchip (Tier 1)"}]],"2":[[{"count":1,"product":"Arithmetic Logic Unit (ALU)"}]],"3":[[{"count":1,"product":"Memory (Tier 1)"}]],"6":[[{"count":1,"product":"Card Base"}]]},"out":[[{"count":1,"product":"Graphics Card (Tier 1)"}]]},{"in":{"1":[[{"count":1,"product":"Microchip (Tier 2)"}]],"2":[[{"count":1,"product":"Arithmetic Logic Unit (ALU)"}]],"3":[[{"count":1,"product":"Memory (Tier 2)"}]],"6":[[{"count":1,"product":"Card Base"}]]},"out":[[{"count":1,"product":"Graphics Card (Tier 2)"}]]},{"in":{"1":[[{"count":1,"product":"Microchip (Tier 3)"}]],"2":[[{"count":1,"product":"Arithmetic Logic Unit (ALU)"}]],"3":[[{"count":1,"product":"Memory (Tier 3)"}]],"6":[[{"count":1,"product":"Card Base"}]]},"out":[[{"count":1,"product":"Graphics Card (Tier 3)"}]]},{"in":{"1":[[{"count":1,"product":"Interweb"}]],"2":[[{"count":1,"product":"Microchip (Tier 2)"}]],"3":[[{"count":1,"product":"Redstone Torch"}]],"6":[[{"count":1,"product":"Card Base"}]],"7":[[{"count":1,"product":"Obsidian"}]]},"out":[[{"count":1,"product":"Internet Card"}]]},{"in":{"1":[[{"count":1,"product":"Redstone Torch"}]],"2":[[{"count":1,"product":"Microchip (Tier 1)"}]],"6":[[{"count":1,"product":"Card Base"}]]},"out":[[{"count":1,"product":"Redstone Card (Tier 1)"}]]},{"in":{"1":[[{"count":1,"product":"Block of Redstone"}]],"2":[[{"count":1,"product":"Microchip (Tier 2)"}]],"3":[[{"count":1,"product":"Ender Pearl"}]],"6":[[{"count":1,"product":"Card Base"}]]},"out":[[{"count":1,"product":"Redstone Card (Tier 2)"}]]},{"in":{"1":[[{"count":1,"product":"Cable"}]],"2":[[{"count":1,"product":"Microchip (Tier 1)"}]],"6":[[{"count":1,"product":"Card Base"}]]},"out":[[{"count":1,"product":"Network Card"}]]},{"in":{"1":[[{"count":1,"product":"Ender Pearl"}]],"2":[[{"count":1,"product":"Microchip (Tier 2)"}]],"6":[[{"count":1,"product":"Card Base"}]]},"out":[[{"count":1,"product":"Wireless Network Card"}]]},{"in":{"1":[[{"count":1,"product":"Eye of Ender"}]],"3":[[{"count":1,"product":"Eye of Ender"}]],"5":[[{"count":1,"product":"Network Card"}]],"6":[[{"count":1,"product":"Interweb"}]],"7":[[{"count":1,"product":"Network Card"}]],"9":[[{"count":1,"product":"Microchip (Tier 3)"}]],"11":[[{"count":1,"product":"Microchip (Tier 3)"}]]},"out":[[{"count":1,"product":"Linked Card"}]]},{"in":{"1":[[{"count":1,"product":"Bus Cable"}]],"2":[[{"count":1,"product":"Naquadah"}]],"6":[[{"count":1,"product":"Card Base"}]]},"out":[[{"count":1,"product":"Abstract Bus Card"}]]},{"in":{"1":[[{"count":1,"product":"Sensor Lens"}]],"2":[[{"count":1,"product":"Microchip (Tier 2)"}]],"6":[[{"count":1,"product":"Card Base"}]]},"out":[[{"count":1,"product":"World Sensor Upgrade"}]]},{"in":{"1":[[{"count":1,"product":"Iron Ingot"}]],"2":[[{"count":1,"product":"Ender Pearl"}]],"3":[[{"count":1,"product":"Iron Ingot"}]],"5":[[{"count":1,"product":"Microchip (Tier 1)"}]],"6":[[{"count":1,"product":"Sticky Piston"}]],"7":[[{"count":1,"product":"Microchip (Tier 1)"}]],"9":[[{"count":1,"product":"Iron Ingot"}]],"10":[[{"count":1,"product":"Ender Pearl"}]],"11":[[{"count":1,"product":"Iron Ingot"}]]},"out":[[{"count":1,"product":"Angel Upgrade"}]]},{"in":{"1":[[{"count":1,"product":"Iron Nugget"}]],"2":[[{"count":1,"product":"Gold Nugget"}]],"3":[[{"count":1,"product":"Iron Nugget"}]],"5":[[{"count":1,"product":"Iron Fence"}]],"6":[[{"count":1,"product":"Capacitor"}]],"7":[[{"count":1,"product":"Iron Fence"}]],"9":[[{"count":1,"product":"Iron Nugget"}]],"10":[[{"count":1,"product":"Gold Nugget"}]],"11":[[{"count":1,"product":"Iron Nugget"}]]},"out":[[{"count":1,"product":"Battery Upgrade (Tier 1)"}]]},{"in":{"1":[[{"count":1,"product":"Iron Nugget"}]],"2":[[{"count":1,"product":"Capacitor"}]],"3":[[{"count":1,"product":"Iron Nugget"}]],"5":[[{"count":1,"product":"Iron Fence"}]],"6":[[{"count":1,"product":"Gold Nugget"}]],"7":[[{"count":1,"product":"Iron Fence"}]],"9":[[{"count":1,"product":"Iron Nugget"}]],"10":[[{"count":1,"product":"Capacitor"}]],"11":[[{"count":1,"product":"Iron Nugget"}]]},"out":[[{"count":1,"product":"Battery Upgrade (Tier 2)"}]]},{"in":{"1":[[{"count":1,"product":"Iron Nugget"}]],"2":[[{"count":1,"product":"Capacitor"}]],"3":[[{"count":1,"product":"Iron Nugget"}]],"5":[[{"count":1,"product":"Capacitor"}]],"6":[[{"count":1,"product":"Diamond Chip"}]],"7":[[{"count":1,"product":"Capacitor"}]],"9":[[{"count":1,"product":"Iron Nugget"}]],"10":[[{"count":1,"product":"Capacitor"}]],"11":[[{"count":1,"product":"Iron Nugget"}]]},"out":[[{"count":1,"product":"Battery Upgrade (Tier 3)"}]]},{"in":{"1":[[{"count":1,"product":"Gold Ingot"}]],"2":[[{"count":1,"product":"Glass"}]],"3":[[{"count":1,"product":"Gold Ingot"}]],"5":[[{"count":1,"product":"Microchip (Tier 3)"}]],"6":[[{"count":1,"product":"Eye of Ender"}]],"7":[[{"count":1,"product":"Microchip (Tier 3)"}]],"9":[[{"count":1,"product":"Obsidian"}]],"10":[[{"count":1,"product":"Printed Circuit Board"}]],"11":[[{"count":1,"product":"Obsidian"}]]},"out":[[{"count":1,"product":"Chunkloader Upgrade"}]]},{"in":{"1":[[{"count":1,"product":"Iron Ingot"}]],"3":[[{"count":1,"product":"Iron Ingot"}]],"5":[[{"count":1,"product":"Microchip (Tier 1)"}]],"6":[[{"count":1,"product":"Crafting Table"}]],"7":[[{"count":1,"product":"Microchip (Tier 1)"}]],"9":[[{"count":1,"product":"Iron Ingot"}]],"10":[[{"count":1,"product":"Printed Circuit Board"}]],"11":[[{"count":1,"product":"Iron Ingot"}]]},"out":[[{"count":1,"product":"Crafting Upgrade"}]]},{"in":{"1":[[{"count":1,"product":"Iron Ingot"}]],"2":[[{"count":1,"product":"Analyzer"}]],"3":[[{"count":1,"product":"Iron Ingot"}]],"5":[[{"count":1,"product":"Microchip (Tier 1)"}]],"6":[[{"count":1,"product":"Hard Disk Drive (Tier 1)"}]],"7":[[{"count":1,"product":"Microchip (Tier 1)"}]],"9":[[{"count":1,"product":"Iron Ingot"}]],"10":[[{"count":1,"product":"Printed Circuit Board"}]],"11":[[{"count":1,"product":"Iron Ingot"}]]},"out":[[{"count":1,"product":"Database Upgrade (Tier 1)"}]]},{"in":{"1":[[{"count":1,"product":"Iron Ingot"}]],"2":[[{"count":1,"product":"Analyzer"}]],"3":[[{"count":1,"product":"Iron Ingot"}]],"5":[[{"count":1,"product":"Microchip (Tier 2)"}]],"6":[[{"count":1,"product":"Hard Disk Drive (Tier 2)"}]],"7":[[{"count":1,"product":"Microchip (Tier 2)"}]],"9":[[{"count":1,"product":"Iron Ingot"}]],"10":[[{"count":1,"product":"Printed Circuit Board"}]],"11":[[{"count":1,"product":"Iron Ingot"}]]},"out":[[{"count":1,"product":"Database Upgrade (Tier 2)"}]]},{"in":{"1":[[{"count":1,"product":"Iron Ingot"}]],"2":[[{"count":1,"product":"Analyzer"}]],"3":[[{"count":1,"product":"Iron Ingot"}]],"5":[[{"count":1,"product":"Microchip (Tier 3)"}]],"6":[[{"count":1,"product":"Hard Disk Drive (Tier 3)"}]],"7":[[{"count":1,"product":"Microchip (Tier 3)"}]],"9":[[{"count":1,"product":"Iron Ingot"}]],"10":[[{"count":1,"product":"Printed Circuit Board"}]],"11":[[{"count":1,"product":"Iron Ingot"}]]},"out":[[{"count":1,"product":"Database Upgrade (Tier 3)"}]]},{"in":{"1":[[{"count":1,"product":"Gold Ingot"}]],"3":[[{"count":1,"product":"Gold Ingot"}]],"5":[[{"count":1,"product":"Microchip (Tier 2)"}]],"6":[[{"count":1,"product":"Emerald"}]],"7":[[{"count":1,"product":"Microchip (Tier 2)"}]],"9":[[{"count":1,"product":"Gold Ingot"}]],"10":[[{"count":1,"product":"Printed Circuit Board"}]],"11":[[{"count":1,"product":"Gold Ingot"}]]},"out":[[{"count":1,"product":"Experience Upgrade"}]]},{"in":{"1":[[{"count":1,"product":"Iron Ingot"}]],"3":[[{"count":1,"product":"Iron Ingot"}]],"5":[[{"count":1,"product":"Microchip (Tier 1)"}]],"6":[[{"count":1,"product":"Piston"}]],"7":[[{"count":1,"product":"Microchip (Tier 1)"}]],"9":[[{"count":1,"product":"Iron Ingot"}]],"10":[[{"count":1,"product":"Printed Circuit Board"}]],"11":[[{"count":1,"product":"Iron Ingot"}]]},"out":[[{"count":1,"product":"Generator Upgrade"}]]},{"in":{"1":[[{"count":1,"product":"Feather"}]],"2":[[{"count":1,"product":"Microchip (Tier 1)"}]],"3":[[{"count":1,"product":"Feather"}]],"5":[[{"count":1,"product":"Iron Nugget"}]],"6":[[{"count":1,"product":"Leather"}]],"7":[[{"count":1,"product":"Iron Nugget"}]],"9":[[{"count":1,"product":"Feather"}]],"10":[[{"count":1,"product":"Printed Circuit Board"}]],"11":[[{"count":1,"product":"Feather"}]]},"out":[[{"count":1,"product":"Hover Upgrade (Tier 1)"}]]},{"in":{"1":[[{"count":1,"product":"End Stone"}]],"2":[[{"count":1,"product":"Microchip (Tier 2)"}]],"3":[[{"count":1,"product":"End Stone"}]],"5":[[{"count":1,"product":"Gold Nugget"}]],"6":[[{"count":1,"product":"Iron Ingot"}]],"7":[[{"count":1,"product":"Gold Nugget"}]],"9":[[{"count":1,"product":"End Stone"}]],"10":[[{"count":1,"product":"Printed Circuit Board"}]],"11":[[{"count":1,"product":"End Stone"}]]},"out":[[{"count":1,"product":"Hover Upgrade (Tier 2)"}]]},{"in":{"1":[[{"count":1,"product":"Oak Wood Planks"}]],"2":[[{"count":1,"product":"Hopper"}]],"3":[[{"count":1,"product":"Oak Wood Planks"}]],"5":[[{"count":1,"product":"Dropper"}]],"6":[[{"count":1,"product":"Chest"}]],"7":[[{"count":1,"product":"Piston"}]],"9":[[{"count":1,"product":"Oak Wood Planks"}]],"10":[[{"count":1,"product":"Microchip (Tier 1)"}]],"11":[[{"count":1,"product":"Oak Wood Planks"}]]},"out":[[{"count":1,"product":"Inventory Upgrade"}]]},{"in":{"1":[[{"count":1,"product":"Gold Ingot"}]],"2":[[{"count":1,"product":"Analyzer"}]],"3":[[{"count":1,"product":"Gold Ingot"}]],"5":[[{"count":1,"product":"Dropper"}]],"6":[[{"count":1,"product":"Microchip (Tier 2)"}]],"7":[[{"count":1,"product":"Piston"}]],"9":[[{"count":1,"product":"Gold Ingot"}]],"10":[[{"count":1,"product":"Printed Circuit Board"}]],"11":[[{"count":1,"product":"Gold Ingot"}]]},"out":[[{"count":1,"product":"Inventory Controller Upgrade"}]]},{"in":{"1":[[{"count":1,"product":"Chamelium"}]],"2":[[{"count":1,"product":"Lapis Lazuli"}]],"3":[[{"count":1,"product":"Chamelium"}]],"5":[[{"count":1,"product":"Linked Card"}]],"6":[[{"count":1,"product":"Adapter"}]],"7":[[{"count":1,"product":"Linked Card"}]],"9":[[{"count":1,"product":"Chamelium"}]],"10":[[{"count":1,"product":"Lapis Lazuli"}]],"11":[[{"count":1,"product":"Chamelium"}]]},"out":[[{"count":1,"product":"MFU"}]]},{"in":{"1":[[{"count":1,"product":"Iron Ingot"}]],"2":[[{"count":1,"product":"Lead"}]],"3":[[{"count":1,"product":"Iron Ingot"}]],"5":[[{"count":1,"product":"Lead"}]],"6":[[{"count":1,"product":"Control Unit (CU)"}]],"7":[[{"count":1,"product":"Lead"}]],"9":[[{"count":1,"product":"Iron Ingot"}]],"10":[[{"count":1,"product":"Lead"}]],"11":[[{"count":1,"product":"Iron Ingot"}]]},"out":[[{"count":1,"product":"Leash Upgrade"}]]},{"in":{"1":[[{"count":1,"product":"Gold Ingot"}]],"2":[[{"count":1,"product":"Compass"}]],"3":[[{"count":1,"product":"Gold Ingot"}]],"5":[[{"count":1,"product":"Microchip (Tier 2)"}]],"6":[[{"count":1,"product":"Empty Map"}]],"7":[[{"count":1,"product":"Microchip (Tier 2)"}]],"9":[[{"count":1,"product":"Gold Ingot"}]],"10":[[{"count":1,"product":"Water Bottle"}]],"11":[[{"count":1,"product":"Gold Ingot"}]]},"out":[[{"count":1,"product":"Navigation Upgrade"}]]},{"in":{"1":[[{"count":1,"product":"Iron Ingot"}]],"2":[[{"count":1,"product":"Piston"}]],"3":[[{"count":1,"product":"Iron Ingot"}]],"5":[[{"count":1,"product":"Stick"}]],"6":[[{"count":1,"product":"Microchip (Tier 1)"}]],"7":[[{"count":1,"product":"Stick"}]],"9":[[{"count":1,"product":"Iron Ingot"}]],"10":[[{"count":1,"product":"Printed Circuit Board"}]],"11":[[{"count":1,"product":"Iron Ingot"}]]},"out":[[{"count":1,"product":"Piston Upgrade"}]]},{"in":{"1":[[{"count":1,"product":"Iron Ingot"}]],"2":[[{"count":1,"product":"Ink Sac"}]],"3":[[{"count":1,"product":"Iron Ingot"}]],"5":[[{"count":1,"product":"Microchip (Tier 1)"}]],"6":[[{"count":1,"product":"Stick"}]],"7":[[{"count":1,"product":"Microchip (Tier 1)"}]],"9":[[{"count":1,"product":"Iron Ingot"}]],"10":[[{"count":1,"product":"Sticky Piston"}]],"11":[[{"count":1,"product":"Iron Ingot"}]]},"out":[[{"count":1,"product":"Sign I/O Upgrade"}]]},{"in":{"1":[[{"count":1,"product":"Glass"}]],"2":[[{"count":1,"product":"Glass"}]],"3":[[{"count":1,"product":"Glass"}]],"5":[[{"count":1,"product":"Microchip (Tier 3)"}]],"6":[[{"count":1,"product":"Lapis Lazuli Block"}]],"7":[[{"count":1,"product":"Microchip (Tier 3)"}]],"9":[[{"count":1,"product":"Iron Ingot"}]],"10":[[{"count":1,"product":"Printed Circuit Board"}]],"11":[[{"count":1,"product":"Iron Ingot"}]]},"out":[[{"count":1,"product":"Solar Generator Upgrade"}]]},{"in":{"1":[[{"count":1,"product":"Oak Wood Planks"}]],"2":[[{"count":1,"product":"Iron Fence"}]],"3":[[{"count":1,"product":"Oak Wood Planks"}]],"5":[[{"count":1,"product":"Dispenser"}]],"6":[[{"count":1,"product":"Cauldron"}]],"7":[[{"count":1,"product":"Piston"}]],"9":[[{"count":1,"product":"Oak Wood Planks"}]],"10":[[{"count":1,"product":"Microchip (Tier 1)"}]],"11":[[{"count":1,"product":"Oak Wood Planks"}]]},"out":[[{"count":1,"product":"Tank Upgrade"}]]},{"in":{"1":[[{"count":1,"product":"Gold Ingot"}]],"2":[[{"count":1,"product":"Glass Bottle"}]],"3":[[{"count":1,"product":"Gold Ingot"}]],"5":[[{"count":1,"product":"Dispenser"}]],"6":[[{"count":1,"product":"Microchip (Tier 2)"}]],"7":[[{"count":1,"product":"Piston"}]],"9":[[{"count":1,"product":"Gold Ingot"}]],"10":[[{"count":1,"product":"Printed Circuit Board"}]],"11":[[{"count":1,"product":"Gold Ingot"}]]},"out":[[{"count":1,"product":"Tank Controller Upgrade"}]]},{"in":{"1":[[{"count":1,"product":"Gold Ingot"}]],"2":[[{"count":1,"product":"Piston"}]],"3":[[{"count":1,"product":"Gold Ingot"}]],"5":[[{"count":1,"product":"Iron Ingot"}]],"6":[[{"count":1,"product":"Capacitor"}]],"7":[[{"count":1,"product":"Iron Ingot"}]],"9":[[{"count":1,"product":"Gold Ingot"}]],"10":[[{"count":1,"product":"Microchip (Tier 3)"}]],"11":[[{"count":1,"product":"Gold Ingot"}]]},"out":[[{"count":1,"product":"Tractor Beam Upgrade"}]]},{"in":{"1":[[{"count":1,"product":"Gold Ingot"}]],"2":[[{"count":1,"product":"Chest"}]],"3":[[{"count":1,"product":"Gold Ingot"}]],"5":[[{"count":1,"product":"Emerald"}]],"6":[[{"count":1,"product":"Microchip (Tier 2)"}]],"7":[[{"count":1,"product":"Emerald"}]],"9":[[{"count":1,"product":"Dropper"}]],"10":[[{"count":1,"product":"Printed Circuit Board"}]],"11":[[{"count":1,"product":"Piston"}]]},"out":[[{"count":1,"product":"Trading Upgrade"}]]},{"in":{"1":[[{"count":1,"product":"Iron Ingot"}]],"2":[[{"count":1,"product":"Microchip (Tier 1)"}]],"3":[[{"count":1,"product":"Iron Ingot"}]],"5":[[{"count":1,"product":"Piston"}]],"6":[[{"count":1,"product":"Chest"}]],"9":[[{"count":1,"product":"Iron Ingot"}]],"10":[[{"count":1,"product":"Card Base"}]],"11":[[{"count":1,"product":"Iron Ingot"}]]},"out":[[{"count":1,"product":"Card Container (Tier 1)"}]]},{"in":{"1":[[{"count":1,"product":"Iron Ingot"}]],"2":[[{"count":1,"product":"Microchip (Tier 2)"}]],"3":[[{"count":1,"product":"Iron Ingot"}]],"5":[[{"count":1,"product":"Piston"}]],"6":[[{"count":1,"product":"Chest"}]],"9":[[{"count":1,"product":"Iron Ingot"}]],"10":[[{"count":1,"product":"Card Base"}]],"11":[[{"count":1,"product":"Iron Ingot"}]]},"out":[[{"count":1,"product":"Card Container (Tier 2)"}]]},{"in":{"1":[[{"count":1,"product":"Gold Ingot"}]],"2":[[{"count":1,"product":"Microchip (Tier 2)"}]],"3":[[{"count":1,"product":"Gold Ingot"}]],"5":[[{"count":1,"product":"Piston"}]],"6":[[{"count":1,"product":"Chest"}]],"9":[[{"count":1,"product":"Gold Ingot"}]],"10":[[{"count":1,"product":"Card Base"}]],"11":[[{"count":1,"product":"Gold Ingot"}]]},"out":[[{"count":1,"product":"Card Container (Tier 3)"}]]},{"in":{"1":[[{"count":1,"product":"Iron Ingot"}]],"2":[[{"count":1,"product":"Microchip (Tier 1)"}]],"3":[[{"count":1,"product":"Iron Ingot"}]],"5":[[{"count":1,"product":"Piston"}]],"6":[[{"count":1,"product":"Chest"}]],"9":[[{"count":1,"product":"Iron Ingot"}]],"10":[[{"count":1,"product":"Printed Circuit Board"}]],"11":[[{"count":1,"product":"Iron Ingot"}]]},"out":[[{"count":1,"product":"Upgrade Container (Tier 1)"}]]},{"in":{"1":[[{"count":1,"product":"Iron Ingot"}]],"2":[[{"count":1,"product":"Microchip (Tier 2)"}]],"3":[[{"count":1,"product":"Iron Ingot"}]],"5":[[{"count":1,"product":"Piston"}]],"6":[[{"count":1,"product":"Chest"}]],"9":[[{"count":1,"product":"Iron Ingot"}]],"10":[[{"count":1,"product":"Printed Circuit Board"}]],"11":[[{"count":1,"product":"Iron Ingot"}]]},"out":[[{"count":1,"product":"Upgrade Container (Tier 2)"}]]},{"in":{"1":[[{"count":1,"product":"Gold Ingot"}]],"2":[[{"count":1,"product":"Microchip (Tier 2)"}]],"3":[[{"count":1,"product":"Gold Ingot"}]],"5":[[{"count":1,"product":"Piston"}]],"6":[[{"count":1,"product":"Chest"}]],"9":[[{"count":1,"product":"Gold Ingot"}]],"10":[[{"count":1,"product":"Printed Circuit Board"}]],"11":[[{"count":1,"product":"Gold Ingot"}]]},"out":[[{"count":1,"product":"Upgrade Container (Tier 3)"}]]},{"in":{"1":[[{"count":1,"product":"Iron Ingot"}]]},"out":[[{"count":1,"product":"Iron Nugget"}]]},{"in":{"1":[[{"count":1,"product":"Iron Nugget"}]],"2":[[{"count":1,"product":"Iron Nugget"}]],"3":[[{"count":1,"product":"Iron Nugget"}]],"5":[[{"count":1,"product":"Iron Nugget"}]],"6":[[{"count":1,"product":"Iron Nugget"}]],"7":[[{"count":1,"product":"Iron Nugget"}]],"9":[[{"count":1,"product":"Iron Nugget"}]],"10":[[{"count":1,"product":"Iron Nugget"}]],"11":[[{"count":1,"product":"Iron Nugget"}]]},"out":[[{"count":1,"product":"Iron Ingot"}]]},{"in":{"1":[[{"count":1,"product":"Diamond"}]]},"out":[[{"count":1,"product":"Diamond Chip"}]]},{"in":{"1":[[{"count":1,"product":"Water Bucket"}]],"2":[[{"count":1,"product":"Sugar"}]],"3":[[{"count":1,"product":"Slimeball"}]],"5":[[{"count":1,"product":"Fermented Spider Eye"}]],"6":[[{"count":1,"product":"Bone"}]]},"out":[[{"count":1,"product":"Grog"}]]},{"in":{"2":[[{"count":1,"product":"Iron Nugget"}]],"5":[[{"count":1,"product":"Iron Nugget"}]],"7":[[{"count":1,"product":"Iron Nugget"}]],"10":[[{"count":1,"product":"Iron Nugget"}]]},"out":[[{"count":1,"product":"Disk Platter"}]]},{"in":{"1":[[{"count":1,"product":"Gravel"}]],"2":[[{"count":1,"product":"Redstone"}]],"3":[[{"count":1,"product":"Gravel"}]],"5":[[{"count":1,"product":"Redstone"}]],"6":[[{"count":1,"product":"Coal"}]],"7":[[{"count":1,"product":"Redstone"}]],"9":[[{"count":1,"product":"Gravel"}]],"10":[[{"count":1,"product":"Water Bucket"}]],"11":[[{"count":1,"product":"Gravel"}]]},"out":[[{"count":1,"product":"Chamelium"}]]},{"in":{"1":[[{"count":1,"product":"Chamelium"}]],"2":[[{"count":1,"product":"Chamelium"}]],"3":[[{"count":1,"product":"Chamelium"}]],"5":[[{"count":1,"product":"Chamelium"}]],"6":[[{"count":1,"product":"Chamelium"}]],"7":[[{"count":1,"product":"Chamelium"}]],"9":[[{"count":1,"product":"Chamelium"}]],"10":[[{"count":1,"product":"Chamelium"}]],"11":[[{"count":1,"product":"Chamelium"}]]},"out":[[{"count":1,"product":"Block of Chamelium"}]]},{"in":{"1":[[{"count":1,"product":"Ender Pearl"}]],"2":[[{"count":1,"product":"Block of Chamelium"}]],"3":[[{"count":1,"product":"Ender Pearl"}]],"5":[[{"count":1,"product":"Block of Chamelium"}]],"6":[[{"count":1,"product":"Ender Pearl"}]],"7":[[{"count":1,"product":"Block of Chamelium"}]],"9":[[{"count":1,"product":"Ender Pearl"}]],"10":[[{"count":1,"product":"Block of Chamelium"}]],"11":[[{"count":1,"product":"Ender Pearl"}]]},"out":[[{"count":1,"product":"End Stone"}]]},{"in":{"1":[[{"count":1,"product":"Iron Nugget"}]],"2":[[{"count":1,"product":"Dispenser"}]],"3":[[{"count":1,"product":"Iron Nugget"}]],"5":[[{"count":1,"product":"Transistor"}]],"6":[[{"count":1,"product":"Bucket"}]],"7":[[{"count":1,"product":"Transistor"}]],"9":[[{"count":1,"product":"Iron Nugget"}]],"10":[[{"count":1,"product":"Printed Circuit Board"}]],"11":[[{"count":1,"product":"Iron Nugget"}]]},"out":[[{"count":1,"product":"Ink Cartridge (Empty)"}]]},{"in":{"1":[[{"count":1,"product":"Cyan Dye"}]],"2":[[{"count":1,"product":"Magenta Dye"}]],"3":[[{"count":1,"product":"Dandelion Yellow"}]],"5":[[{"count":1,"product":"Ink Sac"}]],"6":[[{"count":1,"product":"Ink Cartridge (Empty)"}]]},"out":[[{"count":1,"product":"Ink Cartridge"}]]},{"in":{"1":[[{"count":1,"product":"Button"}]],"2":[[{"count":1,"product":"Button"}]],"3":[[{"count":1,"product":"Button"}]],"5":[[{"count":1,"product":"Button"}]],"6":[[{"count":1,"product":"Button"}]],"7":[[{"count":1,"product":"Button"}]]},"out":[[{"count":1,"product":"Button Group"}]]},{"in":{"2":[[{"count":1,"product":"Button"}]],"5":[[{"count":1,"product":"Button"}]],"6":[[{"count":1,"product":"Button"}]],"7":[[{"count":1,"product":"Button"}]]},"out":[[{"count":1,"product":"Arrow Keys"}]]},{"in":{"1":[[{"count":1,"product":"Button"}]],"2":[[{"count":1,"product":"Button"}]],"3":[[{"count":1,"product":"Button"}]],"5":[[{"count":1,"product":"Button"}]],"6":[[{"count":1,"product":"Button"}]],"7":[[{"count":1,"product":"Button"}]],"9":[[{"count":1,"product":"Button"}]],"10":[[{"count":1,"product":"Button"}]],"11":[[{"count":1,"product":"Button"}]]},"out":[[{"count":1,"product":"Numeric Keypad"}]]},{"in":{"1":[[{"count":1,"product":"Iron Ingot"}]],"2":[[{"count":1,"product":"Iron Ingot"}]],"3":[[{"count":1,"product":"Iron Ingot"}]],"5":[[{"count":1,"product":"Gold Nugget"}]],"6":[[{"count":1,"product":"Paper"}]],"7":[[{"count":1,"product":"Gold Nugget"}]],"10":[[{"count":1,"product":"Redstone"}]]},"out":[[{"count":1,"product":"Transistor"}]]},{"in":{"1":[[{"count":1,"product":"Iron Nugget"}]],"2":[[{"count":1,"product":"Iron Nugget"}]],"3":[[{"count":1,"product":"Iron Nugget"}]],"5":[[{"count":1,"product":"Redstone"}]],"6":[[{"count":1,"product":"Transistor"}]],"7":[[{"count":1,"product":"Redstone"}]],"9":[[{"count":1,"product":"Iron Nugget"}]],"10":[[{"count":1,"product":"Iron Nugget"}]],"11":[[{"count":1,"product":"Iron Nugget"}]]},"out":[[{"count":1,"product":"Microchip (Tier 1)"}]]},{"in":{"1":[[{"count":1,"product":"Gold Nugget"}]],"2":[[{"count":1,"product":"Gold Nugget"}]],"3":[[{"count":1,"product":"Gold Nugget"}]],"5":[[{"count":1,"product":"Redstone"}]],"6":[[{"count":1,"product":"Transistor"}]],"7":[[{"count":1,"product":"Redstone"}]],"9":[[{"count":1,"product":"Gold Nugget"}]],"10":[[{"count":1,"product":"Gold Nugget"}]],"11":[[{"count":1,"product":"Gold Nugget"}]]},"out":[[{"count":1,"product":"Microchip (Tier 2)"}]]},{"in":{"1":[[{"count":1,"product":"Diamond Chip"}]],"2":[[{"count":1,"product":"Diamond Chip"}]],"3":[[{"count":1,"product":"Diamond Chip"}]],"5":[[{"count":1,"product":"Redstone"}]],"6":[[{"count":1,"product":"Transistor"}]],"7":[[{"count":1,"product":"Redstone"}]],"9":[[{"count":1,"product":"Diamond Chip"}]],"10":[[{"count":1,"product":"Diamond Chip"}]],"11":[[{"count":1,"product":"Diamond Chip"}]]},"out":[[{"count":1,"product":"Microchip (Tier 3)"}]]},{"in":{"1":[[{"count":1,"product":"Iron Nugget"}]],"2":[[{"count":1,"product":"Redstone"}]],"3":[[{"count":1,"product":"Iron Nugget"}]],"5":[[{"count":1,"product":"Transistor"}]],"6":[[{"count":1,"product":"Microchip (Tier 1)"}]],"7":[[{"count":1,"product":"Transistor"}]],"9":[[{"count":1,"product":"Iron Nugget"}]],"10":[[{"count":1,"product":"Transistor"}]],"11":[[{"count":1,"product":"Iron Nugget"}]]},"out":[[{"count":1,"product":"Arithmetic Logic Unit (ALU)"}]]},{"in":{"1":[[{"count":1,"product":"Gold Nugget"}]],"2":[[{"count":1,"product":"Microchip (Tier 1)"}]],"3":[[{"count":1,"product":"Gold Nugget"}]],"5":[[{"count":1,"product":"Central Processing Unit (CPU) (Tier 2)"}]],"6":[[{"count":1,"product":"Component Bus (Tier 1)"}]],"7":[[{"count":1,"product":"Graphics Card (Tier 1)"}]],"9":[[{"count":1,"product":"Gold Nugget"}]],"10":[[{"count":1,"product":"Microchip (Tier 1)"}]],"11":[[{"count":1,"product":"Gold Nugget"}]]},"out":[[{"count":1,"product":"Accelerated Processing Unit (APU) (Tier 1)"}]]},{"in":{"1":[[{"count":1,"product":"Diamond Chip"}]],"2":[[{"count":1,"product":"Microchip (Tier 2)"}]],"3":[[{"count":1,"product":"Diamond Chip"}]],"5":[[{"count":1,"product":"Central Processing Unit (CPU) (Tier 3)"}]],"6":[[{"count":1,"product":"Component Bus (Tier 2)"}]],"7":[[{"count":1,"product":"Graphics Card (Tier 2)"}]],"9":[[{"count":1,"product":"Diamond Chip"}]],"10":[[{"count":1,"product":"Microchip (Tier 2)"}]],"11":[[{"count":1,"product":"Diamond Chip"}]]},"out":[[{"count":1,"product":"Accelerated Processing Unit (APU) (Tier 2)"}]]},{"in":{"1":[[{"count":1,"product":"Iron Nugget"}]],"2":[[{"count":1,"product":"Redstone"}]],"3":[[{"count":1,"product":"Iron Nugget"}]],"5":[[{"count":1,"product":"Microchip (Tier 1)"}]],"6":[[{"count":1,"product":"Control Unit (CU)"}]],"9":[[{"count":1,"product":"Iron Nugget"}]],"10":[[{"count":1,"product":"Printed Circuit Board"}]],"11":[[{"count":1,"product":"Iron Nugget"}]]},"out":[[{"count":1,"product":"Component Bus (Tier 1)"}]]},{"in":{"1":[[{"count":1,"product":"Gold Nugget"}]],"2":[[{"count":1,"product":"Redstone"}]],"3":[[{"count":1,"product":"Gold Nugget"}]],"5":[[{"count":1,"product":"Microchip (Tier 2)"}]],"6":[[{"count":1,"product":"Control Unit (CU)"}]],"9":[[{"count":1,"product":"Gold Nugget"}]],"10":[[{"count":1,"product":"Printed Circuit Board"}]],"11":[[{"count":1,"product":"Gold Nugget"}]]},"out":[[{"count":1,"product":"Component Bus (Tier 2)"}]]},{"in":{"1":[[{"count":1,"product":"Diamond Chip"}]],"2":[[{"count":1,"product":"Redstone"}]],"3":[[{"count":1,"product":"Diamond Chip"}]],"5":[[{"count":1,"product":"Microchip (Tier 3)"}]],"6":[[{"count":1,"product":"Control Unit (CU)"}]],"9":[[{"count":1,"product":"Diamond Chip"}]],"10":[[{"count":1,"product":"Printed Circuit Board"}]],"11":[[{"count":1,"product":"Diamond Chip"}]]},"out":[[{"count":1,"product":"Component Bus (Tier 3)"}]]},{"in":{"1":[[{"count":1,"product":"Iron Nugget"}]],"2":[[{"count":1,"product":"Redstone"}]],"3":[[{"count":1,"product":"Iron Nugget"}]],"5":[[{"count":1,"product":"Microchip (Tier 1)"}]],"6":[[{"count":1,"product":"Control Unit (CU)"}]],"7":[[{"count":1,"product":"Microchip (Tier 1)"}]],"9":[[{"count":1,"product":"Iron Nugget"}]],"10":[[{"count":1,"product":"Arithmetic Logic Unit (ALU)"}]],"11":[[{"count":1,"product":"Iron Nugget"}]]},"out":[[{"count":1,"product":"Central Processing Unit (CPU) (Tier 1)"}]]},{"in":{"1":[[{"count":1,"product":"Gold Nugget"}]],"2":[[{"count":1,"product":"Redstone"}]],"3":[[{"count":1,"product":"Gold Nugget"}]],"5":[[{"count":1,"product":"Microchip (Tier 2)"}]],"6":[[{"count":1,"product":"Control Unit (CU)"}]],"7":[[{"count":1,"product":"Microchip (Tier 2)"}]],"9":[[{"count":1,"product":"Gold Nugget"}]],"10":[[{"count":1,"product":"Arithmetic Logic Unit (ALU)"}]],"11":[[{"count":1,"product":"Gold Nugget"}]]},"out":[[{"count":1,"product":"Central Processing Unit (CPU) (Tier 2)"}]]},{"in":{"1":[[{"count":1,"product":"Diamond Chip"}]],"2":[[{"count":1,"product":"Redstone"}]],"3":[[{"count":1,"product":"Diamond Chip"}]],"5":[[{"count":1,"product":"Microchip (Tier 3)"}]],"6":[[{"count":1,"product":"Control Unit (CU)"}]],"7":[[{"count":1,"product":"Microchip (Tier 3)"}]],"9":[[{"count":1,"product":"Diamond Chip"}]],"10":[[{"count":1,"product":"Arithmetic Logic Unit (ALU)"}]],"11":[[{"count":1,"product":"Diamond Chip"}]]},"out":[[{"count":1,"product":"Central Processing Unit (CPU) (Tier 3)"}]]},{"in":{"1":[[{"count":1,"product":"Gold Nugget"}]],"2":[[{"count":1,"product":"Redstone"}]],"3":[[{"count":1,"product":"Gold Nugget"}]],"5":[[{"count":1,"product":"Transistor"}]],"6":[[{"count":1,"product":"Clock"}]],"7":[[{"count":1,"product":"Transistor"}]],"9":[[{"count":1,"product":"Gold Nugget"}]],"10":[[{"count":1,"product":"Transistor"}]],"11":[[{"count":1,"product":"Gold Nugget"}]]},"out":[[{"count":1,"product":"Control Unit (CU)"}]]},{"in":{"1":[[{"count":1,"product":"Gold Ingot"}]],"2":[[{"count":1,"product":"Clay"}]],"3":[[{"count":1,"product":"Cactus Green"}]]},"out":[[{"count":1,"product":"Raw Circuit Board"}]]},{"in":{"1":[[{"count":1,"product":"Iron Nugget"}]],"5":[[{"count":1,"product":"Iron Nugget"}]],"6":[[{"count":1,"product":"Printed Circuit Board"}]],"9":[[{"count":1,"product":"Iron Nugget"}]],"10":[[{"count":1,"product":"Gold Nugget"}]]},"out":[[{"count":1,"product":"Card Base"}]]},{"in":{"1":[[{"count":1,"product":"String"}]],"2":[[{"count":1,"product":"String"}]],"3":[[{"count":1,"product":"String"}]],"5":[[{"count":1,"product":"String"}]],"6":[[{"count":1,"product":"Ender Pearl"}]],"7":[[{"count":1,"product":"String"}]],"9":[[{"count":1,"product":"String"}]],"10":[[{"count":1,"product":"String"}]],"11":[[{"count":1,"product":"String"}]]},"out":[[{"count":1,"product":"Interweb"}]]},{"in":{"1":[[{"count":1,"product":"Iron Ingot"}]],"2":[[{"count":1,"product":"Cable"}]],"3":[[{"count":1,"product":"Iron Ingot"}]],"5":[[{"count":1,"product":"Cable"}]],"6":[[{"count":1,"product":"Microchip (Tier 1)"}]],"7":[[{"count":1,"product":"Cable"}]],"9":[[{"count":1,"product":"Iron Ingot"}]],"10":[[{"count":1,"product":"Printed Circuit Board"}]],"11":[[{"count":1,"product":"Iron Ingot"}]]},"out":[[{"count":1,"product":"Adapter"}]]},{"in":{"1":[[{"count":1,"product":"Iron Ingot"}]],"2":[[{"count":1,"product":"Crafting Table"}]],"3":[[{"count":1,"product":"Iron Ingot"}]],"5":[[{"count":1,"product":"Piston"}]],"6":[[{"count":1,"product":"Microchip (Tier 2)"}]],"7":[[{"count":1,"product":"Piston"}]],"9":[[{"count":1,"product":"Iron Ingot"}]],"10":[[{"count":1,"product":"Printed Circuit Board"}]],"11":[[{"count":1,"product":"Iron Ingot"}]]},"out":[[{"count":1,"product":"Electronics Assembler"}]]},{"in":{"2":[[{"count":1,"product":"Iron Nugget"}]],"5":[[{"count":1,"product":"Iron Nugget"}]],"6":[[{"count":1,"product":"Redstone"}]],"7":[[{"count":1,"product":"Iron Nugget"}]],"10":[[{"count":1,"product":"Iron Nugget"}]]},"out":[[{"count":1,"product":"Cable"}]]},{"in":{"1":[[{"count":1,"product":"Iron Ingot"}]],"2":[[{"count":1,"product":"Transistor"}]],"3":[[{"count":1,"product":"Iron Ingot"}]],"5":[[{"count":1,"product":"Gold Nugget"}]],"6":[[{"count":1,"product":"Paper"}]],"7":[[{"count":1,"product":"Gold Nugget"}]],"9":[[{"count":1,"product":"Iron Ingot"}]],"10":[[{"count":1,"product":"Printed Circuit Board"}]],"11":[[{"count":1,"product":"Iron Ingot"}]]},"out":[[{"count":1,"product":"Capacitor"}]]},{"in":{"1":[[{"count":1,"product":"Iron Ingot"}]],"2":[[{"count":1,"product":"Gold Ingot"}]],"3":[[{"count":1,"product":"Iron Ingot"}]],"5":[[{"count":1,"product":"Capacitor"}]],"6":[[{"count":1,"product":"Microchip (Tier 2)"}]],"7":[[{"count":1,"product":"Capacitor"}]],"9":[[{"count":1,"product":"Iron Ingot"}]],"10":[[{"count":1,"product":"Printed Circuit Board"}]],"11":[[{"count":1,"product":"Iron Ingot"}]]},"out":[[{"count":1,"product":"Charger"}]]},{"in":{"1":[[{"count":1,"product":"Iron Ingot"}]],"2":[[{"count":1,"product":"Microchip (Tier 1)"}]],"3":[[{"count":1,"product":"Iron Ingot"}]],"5":[[{"count":1,"product":"Iron Fence"}]],"6":[[{"count":1,"product":"Chest"}]],"7":[[{"count":1,"product":"Iron Fence"}]],"9":[[{"count":1,"product":"Iron Ingot"}]],"10":[[{"count":1,"product":"Printed Circuit Board"}]],"11":[[{"count":1,"product":"Iron Ingot"}]]},"out":[[{"count":1,"product":"Computer Case (Tier 1)"}]]},{"in":{"1":[[{"count":1,"product":"Gold Ingot"}]],"2":[[{"count":1,"product":"Microchip (Tier 2)"}]],"3":[[{"count":1,"product":"Gold Ingot"}]],"5":[[{"count":1,"product":"Iron Fence"}]],"6":[[{"count":1,"product":"Chest"}]],"7":[[{"count":1,"product":"Iron Fence"}]],"9":[[{"count":1,"product":"Gold Ingot"}]],"10":[[{"count":1,"product":"Printed Circuit Board"}]],"11":[[{"count":1,"product":"Gold Ingot"}]]},"out":[[{"count":1,"product":"Computer Case (Tier 2)"}]]},{"in":{"1":[[{"count":1,"product":"Diamond"}]],"2":[[{"count":1,"product":"Microchip (Tier 3)"}]],"3":[[{"count":1,"product":"Diamond"}]],"5":[[{"count":1,"product":"Iron Fence"}]],"6":[[{"count":1,"product":"Chest"}]],"7":[[{"count":1,"product":"Iron Fence"}]],"9":[[{"count":1,"product":"Diamond"}]],"10":[[{"count":1,"product":"Printed Circuit Board"}]],"11":[[{"count":1,"product":"Diamond"}]]},"out":[[{"count":1,"product":"Computer Case (Tier 3)"}]]},{"in":{"1":[[{"count":1,"product":"Control Unit (CU)"}]],"2":[[{"count":1,"product":"Glass Pane"}]],"3":[[{"count":1,"product":"Analyzer"}]],"5":[[{"count":1,"product":"Piston"}]],"7":[[{"count":1,"product":"Obsidian"}]],"9":[[{"count":1,"product":"Iron Ingot"}]],"10":[[{"count":1,"product":"Lava Bucket"}]],"11":[[{"count":1,"product":"Iron Ingot"}]]},"out":[[{"count":1,"product":"Disassembler"}]]},{"in":{"1":[[{"count":1,"product":"Iron Ingot"}]],"2":[[{"count":1,"product":"Microchip (Tier 1)"}]],"3":[[{"count":1,"product":"Iron Ingot"}]],"5":[[{"count":1,"product":"Piston"}]],"6":[[{"count":1,"product":"Stick"}]],"9":[[{"count":1,"product":"Iron Ingot"}]],"10":[[{"count":1,"product":"Printed Circuit Board"}]],"11":[[{"count":1,"product":"Iron Ingot"}]]},"out":[[{"count":1,"product":"Disk Drive"}]]},{"in":{"1":[[{"count":1,"product":"Gold Ingot"}]],"2":[[{"count":1,"product":"Compass"}]],"3":[[{"count":1,"product":"Gold Ingot"}]],"5":[[{"count":1,"product":"Eye of Ender"}]],"6":[[{"count":1,"product":"Microchip (Tier 2)"}]],"7":[[{"count":1,"product":"Eye of Ender"}]],"9":[[{"count":1,"product":"Gold Ingot"}]],"10":[[{"count":1,"product":"Printed Circuit Board"}]],"11":[[{"count":1,"product":"Gold Ingot"}]]},"out":[[{"count":1,"product":"Geolyzer"}]]},{"in":{"1":[[{"count":1,"product":"Microchip (Tier 2)"}]],"2":[[{"count":1,"product":"Glass Pane"}]],"3":[[{"count":1,"product":"Microchip (Tier 2)"}]],"5":[[{"count":1,"product":"Printed Circuit Board"}]],"6":[[{"count":1,"product":"Diamond Chip"}]],"7":[[{"count":1,"product":"Printed Circuit Board"}]],"9":[[{"count":1,"product":"Obsidian"}]],"10":[[{"count":1,"product":"Glowstone Dust"}]],"11":[[{"count":1,"product":"Obsidian"}]]},"out":[[{"count":1,"product":"Hologram Projector (Tier 1)"}]]},{"in":{"1":[[{"count":1,"product":"Microchip (Tier 3)"}]],"2":[[{"count":1,"product":"Glass"}]],"3":[[{"count":1,"product":"Microchip (Tier 3)"}]],"5":[[{"count":1,"product":"Printed Circuit Board"}]],"6":[[{"count":1,"product":"Diamond"}]],"7":[[{"count":1,"product":"Printed Circuit Board"}]],"9":[[{"count":1,"product":"Obsidian"}]],"10":[[{"count":1,"product":"Blaze Powder"}]],"11":[[{"count":1,"product":"Obsidian"}]]},"out":[[{"count":1,"product":"Hologram Projector (Tier 2)"}]]},{"in":{"1":[[{"count":1,"product":"Button Group"}]],"2":[[{"count":1,"product":"Button Group"}]],"3":[[{"count":1,"product":"Button Group"}]],"5":[[{"count":1,"product":"Button Group"}]],"6":[[{"count":1,"product":"Arrow Keys"}]],"7":[[{"count":1,"product":"Numeric Keypad"}]]},"out":[[{"count":1,"product":"Keyboard"}]]},{"in":{"1":[[{"count":1,"product":"Gold Ingot"}]],"2":[[{"count":1,"product":"Daylight Sensor"}]],"3":[[{"count":1,"product":"Gold Ingot"}]],"5":[[{"count":1,"product":"Daylight Sensor"}]],"6":[[{"count":1,"product":"Central Processing Unit (CPU) (Tier 2)"}]],"7":[[{"count":1,"product":"Daylight Sensor"}]],"9":[[{"count":1,"product":"Gold Ingot"}]],"10":[[{"count":1,"product":"Printed Circuit Board"}]],"11":[[{"count":1,"product":"Gold Ingot"}]]},"out":[[{"count":1,"product":"Motion Sensor"}]]},{"in":{"1":[[{"count":1,"product":"Iron Ingot"}]],"2":[[{"count":1,"product":"Cable"}]],"3":[[{"count":1,"product":"Iron Ingot"}]],"5":[[{"count":1,"product":"Cable"}]],"6":[[{"count":1,"product":"Piston"}]],"7":[[{"count":1,"product":"Cable"}]],"9":[[{"count":1,"product":"Iron Ingot"}]],"10":[[{"count":1,"product":"Printed Circuit Board"}]],"11":[[{"count":1,"product":"Iron Ingot"}]]},"out":[[{"count":1,"product":"Net Splitter"}]]},{"in":{"1":[[{"count":1,"product":"Iron Ingot"}]],"2":[[{"count":1,"product":"Hopper"}]],"3":[[{"count":1,"product":"Iron Ingot"}]],"5":[[{"count":1,"product":"Piston"}]],"6":[[{"count":1,"product":"Microchip (Tier 3)"}]],"7":[[{"count":1,"product":"Piston"}]],"9":[[{"count":1,"product":"Iron Ingot"}]],"10":[[{"count":1,"product":"Printed Circuit Board"}]],"11":[[{"count":1,"product":"Iron Ingot"}]]},"out":[[{"count":1,"product":"3D Printer"}]]},{"in":{"1":[[{"count":1,"product":"Iron Ingot"}]],"2":[[{"count":1,"product":"Cable"}]],"3":[[{"count":1,"product":"Iron Ingot"}]],"5":[[{"count":1,"product":"Gold Ingot"}]],"6":[[{"count":1,"product":"Microchip (Tier 1)"}]],"7":[[{"count":1,"product":"Gold Ingot"}]],"9":[[{"count":1,"product":"Iron Ingot"}]],"10":[[{"count":1,"product":"Printed Circuit Board"}]],"11":[[{"count":1,"product":"Iron Ingot"}]]},"out":[[{"count":1,"product":"Power Converter"}]]},{"in":{"1":[[{"count":1,"product":"Iron Ingot"}]],"2":[[{"count":1,"product":"Gold Ingot"}]],"3":[[{"count":1,"product":"Iron Ingot"}]],"5":[[{"count":1,"product":"Cable"}]],"6":[[{"count":1,"product":"Microchip (Tier 1)"}]],"7":[[{"count":1,"product":"Cable"}]],"9":[[{"count":1,"product":"Iron Ingot"}]],"10":[[{"count":1,"product":"Printed Circuit Board"}]],"11":[[{"count":1,"product":"Iron Ingot"}]]},"out":[[{"count":1,"product":"Power Distributor"}]]},{"in":{"1":[[{"count":1,"product":"Diamond"}]],"2":[[{"count":1,"product":"Wireless Network Card"}]],"3":[[{"count":1,"product":"Diamond"}]],"5":[[{"count":1,"product":"Iron Fence"}]],"6":[[{"count":1,"product":"Chest"}]],"7":[[{"count":1,"product":"Iron Fence"}]],"9":[[{"count":1,"product":"Relay"}]],"10":[[{"count":1,"product":"Printed Circuit Board"}]],"11":[[{"count":1,"product":"Power Distributor"}]]},"out":[[{"count":1,"product":"Server Rack"}]]},{"in":{"1":[[{"count":1,"product":"Iron Nugget"}]],"2":[[{"count":1,"product":"Central Processing Unit (CPU) (Tier 3)"}]],"3":[[{"count":1,"product":"Iron Nugget"}]],"5":[[{"count":1,"product":"Memory (Tier 1)"}]],"6":[[{"count":1,"product":"Disk Drive"}]],"7":[[{"count":1,"product":"Memory (Tier 1)"}]],"9":[[{"count":1,"product":"Iron Nugget"}]],"10":[[{"count":1,"product":"Microchip (Tier 2)"}]],"11":[[{"count":1,"product":"Iron Nugget"}]]},"out":[[{"count":1,"product":"Raid"}]]},{"in":{"1":[[{"count":1,"product":"Iron Ingot"}]],"2":[[{"count":1,"product":"Microchip (Tier 3)"}]],"3":[[{"count":1,"product":"Iron Ingot"}]],"5":[[{"count":1,"product":"Block of Redstone"}]],"6":[[{"count":1,"product":"Redstone Card (Tier 1)"}]],"7":[[{"count":1,"product":"Block of Redstone"}]],"9":[[{"count":1,"product":"Iron Ingot"}]],"10":[[{"count":1,"product":"Printed Circuit Board"}]],"11":[[{"count":1,"product":"Iron Ingot"}]]},"out":[[{"count":1,"product":"Redstone"}]]},{"in":{"1":[[{"count":1,"product":"Iron Ingot"}]],"2":[[{"count":1,"product":"Cable"}]],"3":[[{"count":1,"product":"Iron Ingot"}]],"5":[[{"count":1,"product":"Cable"}]],"6":[[{"count":1,"product":"Network Card"}]],"7":[[{"count":1,"product":"Cable"}]],"9":[[{"count":1,"product":"Iron Ingot"}]],"10":[[{"count":1,"product":"Printed Circuit Board"}]],"11":[[{"count":1,"product":"Iron Ingot"}]]},"out":[[{"count":1,"product":"Relay"}]]},{"in":{"1":[[{"count":1,"product":"Iron Ingot"}]],"2":[[{"count":1,"product":"Redstone"}]],"3":[[{"count":1,"product":"Iron Ingot"}]],"5":[[{"count":1,"product":"Redstone"}]],"6":[[{"count":1,"product":"Microchip (Tier 1)"}]],"7":[[{"count":1,"product":"Glass"}]],"9":[[{"count":1,"product":"Iron Ingot"}]],"10":[[{"count":1,"product":"Redstone"}]],"11":[[{"count":1,"product":"Iron Ingot"}]]},"out":[[{"count":1,"product":"Screen (Tier 1)"}]]},{"in":{"1":[[{"count":1,"product":"Gold Ingot"}]],"2":[[{"count":1,"product":"Rose Red"}]],"3":[[{"count":1,"product":"Gold Ingot"}]],"5":[[{"count":1,"product":"Cactus Green"}]],"6":[[{"count":1,"product":"Microchip (Tier 2)"}]],"7":[[{"count":1,"product":"Glass"}]],"9":[[{"count":1,"product":"Gold Ingot"}]],"10":[[{"count":1,"product":"Lapis Lazuli"}]],"11":[[{"count":1,"product":"Gold Ingot"}]]},"out":[[{"count":1,"product":"Screen (Tier 2)"}]]},{"in":{"1":[[{"count":1,"product":"Obsidian"}]],"2":[[{"count":1,"product":"Glowstone Dust"}]],"3":[[{"count":1,"product":"Obsidian"}]],"5":[[{"count":1,"product":"Glowstone Dust"}]],"6":[[{"count":1,"product":"Microchip (Tier 3)"}]],"7":[[{"count":1,"product":"Glass"}]],"9":[[{"count":1,"product":"Obsidian"}]],"10":[[{"count":1,"product":"Glowstone Dust"}]],"11":[[{"count":1,"product":"Obsidian"}]]},"out":[[{"count":1,"product":"Screen (Tier 3)"}]]},{"in":{"1":[[{"count":1,"product":"Iron Ingot"}]],"2":[[{"count":1,"product":"Inventory Controller Upgrade"}]],"3":[[{"count":1,"product":"Iron Ingot"}]],"5":[[{"count":1,"product":"Hopper"}]],"6":[[{"count":1,"product":"Bucket"}]],"7":[[{"count":1,"product":"Hopper"}]],"9":[[{"count":1,"product":"Iron Ingot"}]],"10":[[{"count":1,"product":"Tank Controller Upgrade"}]],"11":[[{"count":1,"product":"Iron Ingot"}]]},"out":[[{"count":1,"product":"Transposer"}]]},{"in":{"1":[[{"count":1,"product":"Iron Ingot"}]],"2":[[{"count":1,"product":"Microchip (Tier 1)"}]],"3":[[{"count":1,"product":"Iron Ingot"}]],"5":[[{"count":1,"product":"Transistor"}]],"6":[[{"count":1,"product":"Interweb"}]],"7":[[{"count":1,"product":"Transistor"}]],"9":[[{"count":1,"product":"Iron Ingot"}]],"10":[[{"count":1,"product":"Printed Circuit Board"}]],"11":[[{"count":1,"product":"Iron Ingot"}]]},"out":[[{"count":1,"product":"Waypoint"}]]},{"in":{"1":[[{"count":1,"product":"Item Multipart"}]],"2":[[{"count":1,"product":"Adapter"}]]},"out":[[{"count":1,"product":"appengTunnel"}]]}]